index,origin_url,name,description,type,curriculum,stages,genders,phones,address,location,email,website,working_hours,facebook,youtube,instgram,whatsapp,rating_of_5,rating_count,images
1,https://yaschools.com/مدارس/مدرسة-بوابة-المعرفة-العالمية,مدرسة بوابة المعرفة العالمية,"رؤية مدارس بوابة المعرفة العالمية
تقدم مدرسة بوابة المعرفة العالمية بجدة أنموذجاً متميزاً في التعليم الحديث من خلال تدريس المنهج العالمي الأمريكي ، المدعم بروح الثقافة الإسلامية، المتمسك بعادات وتقاليد المملكة العربية السعودية، من أجل إعداد جيل من الطلبة والطالبات، قادرين على التفاعل مع عصرهم، متمسكين بدينهم، راعين لثقافتهم متطلعين لتحقيق أعلى مستويات النجاح والتقدم بين ثقافات العالم المختلفة.
رسالة مدرسة بوابة المعرفة العالمية
رسالة المدرسة لا تقتصر على بناء جيل من الأبناء قادر على التفاعل مع معطيات العصر ، قادر على توظيف التقنيات في مجال العلم والبحث العلمي وخدمة المجتمع ، متسلح بإيمانه القوي وعقيدته السمحة الراسخة، متأصلاً بعاداته وتقاليده العربية والإسلامية ، بل يتعدى حدود وإطار المدرسة إلى البيئة المحلية والمجتمع المحلي المحيط بالمدرسة بتقديم الكثير من الخدمات المجتمعية ، ومن أمثلة ذلك :
تقدم مدارسنا منح دراسية سنوية للمتفوقين بإعطاء الطالب/الطالبة الحاصل/الحاصلة على معدل 97% وما فوق خصم 50% من الرسوم الدراسية للعام الذي يليه، ومنحة كاملة بنسبة 100% لأعلى طالب.
المشاركة الفاعلة والإيجابية في كثير من المناشط والمحافل على مستوى مدينة جدة، منها ما يتم داخل إطار المدرسة ، ومنها ما يتم في أماكن إقامة تلك الفعاليات ، ومن ذلك :
تعريف الطلاب وأولياء أمورهم ببرنامج موهبة والإبداع الوطني ومواعيد وطرق التسجيل فيه وما هي المراحل والفئات المستهدفة من قبل المرشد/المرشدة الطلابية في المدرسة.
الاحتفال بيوم اليتيم، واستقبال طائفة كبيرة منهم والاحتفاء بهم داخل المدرسة، وذلك بالتعاون مع الجمعيات الخيرية المعنية بهذا الأمر، وتقديم الهدايا والدعم المادي والمعنوي.
المشاركة الإيجابية في فعاليات الدفاع المدني، المادية والعينية، والمساهمة الطلابية، ببعض المنشورات التربوية، واللوحات الإعلانية، وخطابات الشكر والتقدير لرفع الروح المعنوية .
المشاركة في اجتماع مجلس الغرف التجارية والصناعية بجدة بورقة عمل تحت عنوان المعوقات التي تعترض التعليم الأجنبي في المملكة العربية السعودية ( أسبابها وطرح حلول مناسبة وفعالة للتغلب عليها ) .
الاستفادة من الزي المدرسي الموجود بالمستودع عند عدم احتياج المدرسة إليه سواء عند تغيير اللون أو الشعار ، وذلك بتوزيعه على المؤسسات والجمعيات الخيرية في مجتمعنا ومحيطنا المحلي بمدينة جدة .
تطبيق خصم خاص للطلاب والطالبات التوائم بمدارسنا، وهذا الأمر شائع في كثير من بلدان العالم.
أهداف المدرسة
توفير تعليم متميز عالي النوعية يغذي النمو العقلي والجسماني.
توفير بيئة اجتماعية متنامية للطلاب والموظفين تستجيب لنداء العصر وتسهم بشكل فعال في تحسين المجتمعات الإسلامية القائمة على المبادئ الإسلامية.
ضمان أن كل طالب مزود بالمعارف والمهارات اللازمة لمواجهة التحديات في عالم يزداد تعقيدا وتنافسية.
جعل التعلم أكثر شمولا من خلال استخدام أحدث تكنولوجيا المعلومات.
تركيز جميع الموظفين على النمو الفكري والبدني والعاطفي والاجتماعي للطلاب.
توفير انشطة مدرسية شاملة تساعد الطلبة على نمو وتطوير المهارات خارج البيئة الصفية.
مواعيد التواصل مع المشرفين
الفترة الصباحية
8AM-2PM
إسم المشرف التخصص رقم الجوال البريد الإلكتروني التحويلة
MAHMOUD-BOYS متوسطة و ثانوية 0565178463 121
ABEER-GIRLS متوسطة و ثانوية 0545873011 131
SALI-GIRLS حضانة - روضة - ابتدائى 0542698903 125
NAJAH جميع المراحل 0569347247 105
مرافق المدرسة
بيانات المدرسة تحتاج لتصحيح ؟ شارك بتصحيح اي بيانات غير دقيقة",عالمية,أمريكي,جميع المراحل,بنين و بنات,"0569347247, 0126060167, 0126066334, 0126060168",جدة حي الشاطئ,"https://www.google.com/maps/place?key=AIzaSyDWoh30Gy_zquerP-UNMqoCjXMwNbaAzac&q=21.568854611218,39.11771098728",info@edugates-school.edu.sa,http://www.edugates-school.edu.sa/,8AM-2PM ص,https://www.facebook.com/groups/130155037050/,https://www.youtube.com/watch?v=TscRzxXzWos&list=PLUezA6ktV6nFJq2PzxGBKVK_I9Cp4-YfR,https://instagram.com/edugatescommunity?igshid=NTc4MTIwNjQ2YQ==,https://wa.me/c/966569347247,4.5,37,"https://storage.yaschools.com/source/school/gallery/537/5623/medium.jpg, https://storage.yaschools.com/source/school/gallery/537/9708/medium.jpg, https://storage.yaschools.com/source/school/gallery/537/9323/medium.jpg, https://storage.yaschools.com/source/school/gallery/537/9711/medium.jpg, https://storage.yaschools.com/source/school/gallery/537/9878/medium.jpg, https://storage.yaschools.com/source/school/gallery/537/9702/medium.jpg, https://storage.yaschools.com/source/school/gallery/537/9703/medium.jpg, https://storage.yaschools.com/source/school/gallery/537/5622/medium.jpg, https://storage.yaschools.com/source/school/gallery/537/9709/medium.jpg, https://storage.yaschools.com/source/school/gallery/537/9707/medium.jpg, https://storage.yaschools.com/source/school/gallery/537/9704/medium.jpg, https://storage.yaschools.com/source/school/gallery/537/9710/medium.jpg, https://storage.yaschools.com/source/school/gallery/537/9705/medium.jpg, https://storage.yaschools.com/source/school/gallery/537/9706/medium.jpg, https://storage.yaschools.com/source/school/gallery/537/1367/medium.jpg, https://storage.yaschools.com/source/school/gallery/537/5617/medium.jpg, https://storage.yaschools.com/source/school/gallery/537/5618/medium.jpg, https://storage.yaschools.com/source/school/gallery/537/5619/medium.jpg, https://storage.yaschools.com/source/school/gallery/537/5621/medium.jpg, https://storage.yaschools.com/source/school/gallery/537/5624/medium.jpg, https://storage.yaschools.com/source/school/gallery/537/5625/medium.jpg"
2,https://yaschools.com/مدارس/المدرسة-العالمية-المتعددة-الجنسيات-بالرياض,المدرسة العالمية المتعددة الجنسيات بالرياض,"تقع مدرسة العالمية المتعددة الجنسيات بشارع البركة بحى الفلاح بمدينة الرياض، المملكة العربية السعودية. تأسست المدرسة عام 1997 ،تُدرس لطلابها بالمراحل التعليميةالابتدائية و المتوسطة و الثانوية المنهج التعليمي للمدرسة يقوم على المنهج أمريكى بالإضافة الى المنهج الموضوع من قبل وزارة التعليم السعودية لمادتي اللغة العربية والتربية الإسلامية.
المدرسة العالمية المتعددة الجنسيات بالرياض
اعداد الطلاب فكريًا وأخلاقيًا وروحيًا لتحقيق تطلعاتهم والمساهمة في خدمة المجتمع
متعلمون موهوبون وقادة شغوفون يقومون على خدمة مجتمعنا
تعزيز القيم الإسلامية والثقافة السعودية على مستوى العالم هو الطموح الأقصى الذي تلتزم المدارس بتحقيقه
باستطاعة كل طالب أن يتعلم ويتطور، وتتمثل مسؤوليتنا في مساعدته على تحقيق ذلك
الإصغاء والاستماع والاهتمام ودعم التعاون بشكل متبادل هي من القيم الحقة والمحترمة
تعليم ورفاهية الطالب هي أحد الالتزامات الأساسية بالنسبة للمدارس
اعتبار توفير بيئة آمنة: مادية، واجتماعية، وفكرية هدفٌ ضروريٌ من أهداف مدارسنا

مواعيد التواصل مع المشرفين
الفترة الصباحية
الفترة الصباحية : 7:30 ص حتي 1:00 م",عالمية,أمريكي-بريطاني-استرالي,جميع المراحل,بنين و بنات,"0112751751, 0112751751, 0112751751",الرياض حي غرناطة,"https://www.google.com/maps/place?key=AIzaSyDWoh30Gy_zquerP-UNMqoCjXMwNbaAzac&q=24.8006695,46.7466508",info@mns-r.com,http://www.mns-r.com/,,https://www.facebook.com/mnsriyadh,https://www.youtube.com/channel/UCBaDrhdosJDSle7cCiijoiQ,https://www.instagram.com/mnsriyadh/,,4.9,40,"https://storage.yaschools.com/source/school/gallery/37/73/medium.jpg, https://storage.yaschools.com/source/school/gallery/37/74/medium.jpg, https://storage.yaschools.com/source/school/gallery/37/75/medium.jpg, https://storage.yaschools.com/source/school/gallery/37/76/medium.jpg"
3,https://yaschools.com/مدارس/مدارس-أمجاد-قرطبة-الأهلية,مدارس أمجاد قرطبة الأهلية,"تقع مدرسة أمجاد قرطبة الأهلية بحى قرطبة بشارع رايا - بجوار جامع البابطين بالرياض،تدرس لطلابها بجميع المراحل التعليمية الابتدائيةوالمتوسطة والثانوية ، المنهج التعليمى للمدرسة لا منهجية محددة
مواعيد التواصل مع المشرفين
الفترة الصباحية
7:00
الفترة المسائية
2:00
مرافق المدرسة
بيانات المدرسة تحتاج لتصحيح ؟ شارك بتصحيح اي بيانات غير دقيقة",أهلية,أهلي-البكالوريا الدولية (ib),جميع المراحل,بنين و بنات,"0554200444, 0112477, 0920000451",الرياض حي قرطبه,"https://www.google.com/maps/place?key=AIzaSyDWoh30Gy_zquerP-UNMqoCjXMwNbaAzac&q=24.806162783269,46.745198036586",Aqs_school@aq.edu.sa,https://aq.edu.sa/?fbclid=IwAR1EAeNo-nxHHcxRJUKahxAZaX3EBDkAMXPkVNjx30wFnTfkjI0Y5NCOev8,7:00 ص - 2:00 م,https://www.facebook.com/AQS.School,https://www.youtube.com/channel/UCU-TY-rxKhHJkgOLRkflm0w/videos?feature=hovercard,,,4,11,"https://storage.yaschools.com/source/school/gallery/203/9998/medium.jpg, https://storage.yaschools.com/source/school/gallery/203/9993/medium.jpg, https://storage.yaschools.com/source/school/gallery/203/9999/medium.jpg, https://storage.yaschools.com/source/school/gallery/203/10000/medium.jpg, https://storage.yaschools.com/source/school/gallery/203/9995/medium.jpg, https://storage.yaschools.com/source/school/gallery/203/9994/medium.jpg, https://storage.yaschools.com/source/school/gallery/203/9997/medium.jpg, https://storage.yaschools.com/source/school/gallery/203/9996/medium.jpg, https://storage.yaschools.com/source/school/gallery/203/10001/medium.jpg, https://storage.yaschools.com/source/school/gallery/203/10002/medium.jpg, https://storage.yaschools.com/source/school/gallery/203/10003/medium.jpg, https://storage.yaschools.com/source/school/gallery/203/10004/medium.jpg"
4,https://yaschools.com/مدارس/مدارس-الرواد-الأهلية-فرع-المنصورة,مدارس الرواد الأهلية - مجمع المنصورة,"أنشئت مدارس الرواد الأهلية لتسهم في مسيرة العلم والبناء ، ولتكون لبنة من لبنات التنمية الشاملة المتوازنة في المملكة العربية السعودية ، بما تقدمه من برامج تربوية وخدمات تعليمية لرعاية أبنائها الطلاب. ولقد كانت انطلاقة المدارس – ولله الحمد – محددة الأهداف واضحة المعالم ، اتخذت من السياسة التعليمية للمملكة المنطلقة من مبادئ الشريعة الغراء ،أساساً لرسالتها ، ولتحقيق توجيهات أولي الأمر لإعداد الإنسان الصالح والمجتمع المتعاون بما يضمن تحقيق طموحات أولياء الأمور ويرضي تطلعاتهم في حسن تربية أبنائهم وتعلمهم . وبتوفيق الله حصلت مدارس الرواد الأهلية – وهي تعتبر اللبنة الأولى لشركة عطاء التعليمية على شهادة الجودة العالمية آيزو ( 9002 : 1994 عام 1417هـ – 1997م ) ولم تكتف بذلك بل استمرت المراجعات الداخلية والخارجية لخمس سنوات متتالية. ثم حصلت على نفس الشهادة من شركة عالمية أخرى . وحيث تواكبنا تطورات سريعة في عالم الجودة بما يتناسب مع همة المدارس فشرعت المدارس للحصول على شهادة الجودة العالمية ( آيزو 9001 : 2000 ) والتي تتميز عن سابقتها بتحديد تسلسل جميع العمليات وتحديد الإجراءات التي تحدد المعايير والطرق اللازمة لضمان فاعلية التشغيل والضبط لهذه العمليات ومراقبة وقياس تحليل العمليات من خلال المراجعة الداخلية والخارجية ومن ثم تحولت المدارس إلى
( آيزو 9001 : 2008 ) مما سيكون انطلاقة جديدة لشركة عطاء التعليمية ولمدارسها بإذن الله تعالى.

والله ولي التوفيق.
مواعيد التواصل مع المشرفين
الفترة الصباحية
7:00
الفترة المسائية
2:00
إسم المشرف التخصص رقم الجوال البريد الإلكتروني التحويلة
عودة جميع المراحل 0555030250 s.mubarak@alrowad.net 4012
مرافق المدرسة
بيانات المدرسة تحتاج لتصحيح ؟ شارك بتصحيح اي بيانات غير دقيقة",أهلية,أمريكي-أهلي,جميع المراحل,بنين و بنات,"0555030250, 0552310873, 0112956558, 0112954630",الرياض حي المنصورة,"https://www.google.com/maps/place?key=AIzaSyDWoh30Gy_zquerP-UNMqoCjXMwNbaAzac&q=24.6129867,46.7442224",mansourah@alrowad.net,https://alrowad.sa/school/schoolHome/mansora,7:00 ص - 2:00 م,https://www.facebook.com/profile.php?id=100086074058581,https://www.youtube.com/channel/UCS6Bz0-nG4fPhQWbK9R63hw,https://instagram.com/mansouraalrowad?igshid=MzRlODBiNWFlZA==,,3.9,7,"https://storage.yaschools.com/source/school/gallery/582/2156/medium.jpg, https://storage.yaschools.com/source/school/gallery/582/2158/medium.jpg, https://storage.yaschools.com/source/school/gallery/582/2159/medium.jpg, https://storage.yaschools.com/source/school/gallery/582/5296/medium.jpg, https://storage.yaschools.com/source/school/gallery/582/5297/medium.jpg, https://storage.yaschools.com/source/school/gallery/582/5298/medium.jpg, https://storage.yaschools.com/source/school/gallery/582/5299/medium.jpg, https://storage.yaschools.com/source/school/gallery/582/5300/medium.jpg, https://storage.yaschools.com/source/school/gallery/582/5301/medium.jpg, https://storage.yaschools.com/source/school/gallery/582/5302/medium.jpg, https://storage.yaschools.com/source/school/gallery/582/5303/medium.jpg, https://storage.yaschools.com/source/school/gallery/582/5304/medium.jpg, https://storage.yaschools.com/source/school/gallery/582/5305/medium.jpg, https://storage.yaschools.com/source/school/gallery/582/5307/medium.jpg, https://storage.yaschools.com/source/school/gallery/582/5308/medium.jpg, https://storage.yaschools.com/source/school/gallery/582/5309/medium.jpg, https://storage.yaschools.com/source/school/gallery/582/5310/medium.jpg, https://storage.yaschools.com/source/school/gallery/582/5311/medium.jpg, https://storage.yaschools.com/source/school/gallery/582/5312/medium.jpg, https://storage.yaschools.com/source/school/gallery/582/5436/medium.jpg, https://storage.yaschools.com/source/school/gallery/582/5437/medium.jpg"
5,https://yaschools.com/مدارس/مدارس-النور-العالمية,مدارس النور العالمية,"لمحة مختصرة
تقع مدرسة النور العالمية في شارع زيادة بن الوليد بحي الوشام بمدينة الرياض، المملكة العربية السعودية. تُوفر المدارس لطلابها المراحل التعليمية الابتدائية والمتوسطة والثانوية. المنهج التعليمي للمدرسة أمريكي بالإضافة الى المنهج الموضوع من قبل وزارة التعليم السعودية لمادتي اللغة العربية والتربية الإسلامية.
المراحل التعليمية :
مدارس النور العالمية هي مدرسة امريكية دولية تخدم طلبتها من الروضة الى الصف الثاني عشر.
تاريخ التأسيس : 1998
مجتمع المدرسة :
تتكون المدرسة من مواطنين سعوديين ومقيمين من مختلف الجنسيات من الشرق الأوسط، آسيا، وشمال إفريقيا وأمريكا
البرنامج التعليمي:
منهج عالمي أمريكي للمواد الأساسية مثل اللغة الانجليزية والرياضيات والعلوم, ونتبع مناهج وزارة التعليم السعودية في مواد الهوية الوطنية مثل اللغة العربية والدين الإسلامي والتربية الرياضية
رؤيتنا :
أن نكون مؤسسة تعليمية رائدة تقدم أفضل تعليم قائم على معايير واضحة ونظام راسخ استجابة للاحتياجات العالمية المتغيرة باستمرار.
مهمتنا :
تعليم و تربية الطلاب ليكونوا محترفين ذوي قيم إيجابية وضمان النمو الاكاديمي من خلال دعم المناهج الدراسية المتميزة في التخطيط , وأساليب التعلم المتنوعة والتعاون القوي والبناء بين الشركاء في العملية التعليمية.
غايتنا :
تعليم وإلهام طلابنا ، للرقي بمستواهم لنجعل منهم مواطنين مسئولين، منتجين، وصالحين، وإكسابهم المهارات اللازمة والتحفيز الكافي للتفكير الإبداعي، النقد التحليلي، التواصل الفعال، والتعلم المستمر وكل ذلك من خلال توفير بيئة تعليمية عالمية متميزة ذات معايير عالية قابلة للقياس ومناهج واضحة ودقيقة، تدرس من قبل طاقم ذو كفاءات ومؤهلات تعليمية متميزة يحقق أهدافه من خلال مشاركة الطلاب وأولياء الأمور والمجتمع. نحن نؤمن بالتقارب والتناغم بين أفراد مجتمعنا المدرسي بغض النضر عن اختلافاتنا الثقافية والحضارية والدينية.
الاعتماد الدولي:
مدرسة النور العالمية مرخصة من وزارة التعليم في المملكة العربية السعودية ومعتمدة كمدرسة عالمية/دولية من رائد منظمات الاعتماد الأكاديمي الأمريكي "" كوجنيا "". ولقد حافظت المدرسة على سمة وختم الاعتماد منذ 2011. طلابنا يحصلون على القبول من افضل الجامعات في العالم لأن شهاداتنا معتمدة.
مواعيد التواصل مع المشرفين
الفترة الصباحية
7 الى 2
الفترة المسائية
غير متاح
إسم المشرف التخصص رقم الجوال البريد الإلكتروني التحويلة
Mazyad Alkhattaf جميع المراحل 21
Elmar إبتدائية 31
Antenah متوسطة و ثانوية 32
Abdulfetah Abdi جميع المراحل 36
مرافق المدرسة
بيانات المدرسة تحتاج لتصحيح ؟ شارك بتصحيح اي بيانات غير دقيقة",عالمية,أمريكي,جميع المراحل,بنين و بنات,"0114030673, 0114051650",الرياض حي الوشام,"https://www.google.com/maps/place?key=AIzaSyDWoh30Gy_zquerP-UNMqoCjXMwNbaAzac&q=24.642051211807,46.698298698862",Info@alnoor.edu.sa,http://www.alnoor.edu.sa/,7 الى 2 ص - غير متاح م,https://www.facebook.com/alnoor.international.school99,https://www.youtube.com/channel/UC7SGpV_OLztKEz38z_LwxNg,https://www.instagram.com/al_noor_schools/,,4.5,43,"https://storage.yaschools.com/source/school/gallery/141/8356/medium.jpg, https://storage.yaschools.com/source/school/gallery/141/8360/medium.jpg, https://storage.yaschools.com/source/school/gallery/141/8361/medium.jpg, https://storage.yaschools.com/source/school/gallery/141/8362/medium.jpg, https://storage.yaschools.com/source/school/gallery/141/8363/medium.jpg, https://storage.yaschools.com/source/school/gallery/141/8364/medium.jpg, https://storage.yaschools.com/source/school/gallery/141/8366/medium.jpg, https://storage.yaschools.com/source/school/gallery/141/8368/medium.jpg, https://storage.yaschools.com/source/school/gallery/141/8369/medium.jpg, https://storage.yaschools.com/source/school/gallery/141/8370/medium.jpg, https://storage.yaschools.com/source/school/gallery/141/8372/medium.jpg, https://storage.yaschools.com/source/school/gallery/141/8373/medium.jpg, https://storage.yaschools.com/source/school/gallery/141/8377/medium.jpg, https://storage.yaschools.com/source/school/gallery/141/8378/medium.jpg, https://storage.yaschools.com/source/school/gallery/141/8379/medium.jpg, https://storage.yaschools.com/source/school/gallery/141/8380/medium.jpg, https://storage.yaschools.com/source/school/gallery/141/8381/medium.jpg"
6,https://yaschools.com/مدارس/مدارس-أنوار-التعليم-العالمية,مدارس أنوار التعليم العالمية,":رؤية المدرسة
التميز في بناء المهارات الشخصية والمعرفية.
:رسالة المدرسة
تسعى مدارسنا إلى تقديم مزيج فريد من التعليم والتعلم في إطار من الجودة العالمية وتعاليم الإسلام النبيلة ، من خلال بيئة تربوية آمنة تتمتع بالرعاية والإنضباط الأخلاقي ، ومناهج متوازنة ترقى بعقل المتعلم أكاديميًا وتربويًا، وهيئة تدريس عالية المستوى.
الأهداف :
تحقيق تعليم متميز في إطار الجودة العالمية وتعاليم الإسلام النبيلة. من خلال .
- بيئة تربوية آمنة تتمتع بالرعاية والانضباط الأخلاقي.
- مناهج متوازنة ترتقي بعقل المتعلم تربويًا وأكاديميا.
- هيئة تدريس عالية المستوى
The school is dedicated to providing high quality education, enhancing high order thinking skills, and building independant productive individuals.
مواعيد التواصل مع المشرفين
الفترة الصباحية
8:00 ص - 1:00م
الفترة المسائية
5:00 م - 8:00 م
مرافق المدرسة
بيانات المدرسة تحتاج لتصحيح ؟ شارك بتصحيح اي بيانات غير دقيقة",عالمية,أمريكي,حضانة - روضة - ابتدائى - متوسط,بنين و بنات,"0564369302, 0537183831, 0112033088",الرياض حي المصيف,"https://www.google.com/maps/place?key=AIzaSyDWoh30Gy_zquerP-UNMqoCjXMwNbaAzac&q=24.767100040623,46.673366591419",info@atis.edu.sa,http://www.atis-edu.net/index.php,8:00 ص - 1:00م ص - 5:00 م - 8:00 م م,https://www.facebook.com/AnwarTaleem/,https://www.youtube.com/channel/UCLBm4vi_Z-03ZH8XtWCZPWw,,,3.6,14,"https://storage.yaschools.com/source/school/gallery/36/3890/medium.jpg, https://storage.yaschools.com/source/school/gallery/36/3891/medium.jpg, https://storage.yaschools.com/source/school/gallery/36/3892/medium.jpg, https://storage.yaschools.com/source/school/gallery/36/3893/medium.jpg, https://storage.yaschools.com/source/school/gallery/36/3894/medium.jpg, https://storage.yaschools.com/source/school/gallery/36/3895/medium.jpg, https://storage.yaschools.com/source/school/gallery/36/3896/medium.jpg, https://storage.yaschools.com/source/school/gallery/36/3897/medium.jpg, https://storage.yaschools.com/source/school/gallery/36/3898/medium.jpg, https://storage.yaschools.com/source/school/gallery/36/3899/medium.jpg, https://storage.yaschools.com/source/school/gallery/36/3900/medium.jpg, https://storage.yaschools.com/source/school/gallery/36/3901/medium.jpg, https://storage.yaschools.com/source/school/gallery/36/3902/medium.jpg, https://storage.yaschools.com/source/school/gallery/36/3903/medium.jpg, https://storage.yaschools.com/source/school/gallery/36/3904/medium.jpg"
7,https://yaschools.com/مدارس/مدارس-الشرق-الاوسط-العالمية,مدرسة الشرق الأوسط العالمية - المروج,"Middle East International School was established in 1998 by Dr. Ahmad Al Mutib, to serve the educational needs of the expatriate student community of Riyadh, Kingdom of Saudi Arabia. It is located in the center of the city, in Sulaimania area. The school serves as an ideal site for teaching and learning as its location offers the community access to education with serene vicinity. Serving grades KG to 12, the school aims to provide a high standard of education to a multicultural, multilingual group of students. Since its inception, MEIS has emerged as one of the leading educational institutions in Riyadh, dedicated to helping an international blend of students meet today’s challenges and become responsible citizens through cooperation and team work.
Our goal is to help each student develop a sense of personal integrity and at the same time grow academically and learn to be a responsible member of the community.
مواعيد التواصل مع المشرفين
الفترة الصباحية
7:30
الفترة المسائية
2:00
إسم المشرف التخصص رقم الجوال البريد الإلكتروني التحويلة
KG حضانة - روضة 0555745187 rwan.rashed@meis.sch.sa
Grade 1 (Girls) إبتدائية 0580089655 h.chehab@meis.sch.sa
Grade 1 (Boys) إبتدائية 0580010139 zohor.alshahrani@meis.sch.sa
Grade 2 (Girls) إبتدائية 0580010170 a.qwajha@meis.sch.sa
Grade 2 (Boys) إبتدائية 0580010124 j.orabi@meis.sch.sa
Grade 3 (Girls) إبتدائية 0580010021 s.tafish@meis.sch.sa
Grade 3 (Boys) إبتدائية 0530011074 deema.hallak@meis.sch.sa
Grade 4,5 (Girls) إبتدائية 0580010042 mirna.ali@meis.sch.sa
Grade 4,5 (Boys) إبتدائية f.alamri@meis.sch.sa
Grade 6,7 (Girls) إبتدائية و متوسطة 0555745403 hala.alzalama@meis.sch.sa
Grade 5,6 (Boys) إبتدائية m.mutlaq@meis.sch.sa
Grade 8,9 (Girls) متوسط 0530023672 suzan.abomaraie@meis.sch.sa
Grade 7,8 (Boys) متوسط 0581295310 w.soror@meis.sch.sa
Grade 10,11,12 (Girls) ثانوية 0555744927 hanaa.diab@meis.sch.sa
Grade 7,9 (Boys) متوسط 0596715281 f.alnafea@meis.sch.sa
Grade 9-12 (Boys) ثانوية 0555774052 hafez.alkhateeb@meis.sch.sa",عالمية,أمريكي-بريطاني,جميع المراحل,بنين و بنات,"0555744960, 0555744942",الرياض حي المروج,"https://www.google.com/maps/place?key=AIzaSyDWoh30Gy_zquerP-UNMqoCjXMwNbaAzac&q=24.763968,46.66293",admin1@meis.sch.sa,http://meis.sch.sa/,7:30 ص - 2:00 م,https://www.facebook.com/MEISMrooj,https://www.youtube.com/channel/UC9urUOSOfUXVZE_Npj5KodQ,https://instagram.com/meismuruj?igshid=MzRlODBiNWFlZA==,,3.3,13,"https://storage.yaschools.com/source/school/gallery/18/7037/medium.jpg, https://storage.yaschools.com/source/school/gallery/18/7038/medium.jpg, https://storage.yaschools.com/source/school/gallery/18/7042/medium.jpg, https://storage.yaschools.com/source/school/gallery/18/8069/medium.jpg, https://storage.yaschools.com/source/school/gallery/18/8071/medium.jpg, https://storage.yaschools.com/source/school/gallery/18/8072/medium.jpg, https://storage.yaschools.com/source/school/gallery/18/8073/medium.jpg, https://storage.yaschools.com/source/school/gallery/18/8074/medium.jpg, https://storage.yaschools.com/source/school/gallery/18/8075/medium.jpg, https://storage.yaschools.com/source/school/gallery/18/8077/medium.jpg, https://storage.yaschools.com/source/school/gallery/18/8078/medium.jpg, https://storage.yaschools.com/source/school/gallery/18/8080/medium.jpg, https://storage.yaschools.com/source/school/gallery/18/8081/medium.jpg, https://storage.yaschools.com/source/school/gallery/18/8083/medium.jpg, https://storage.yaschools.com/source/school/gallery/18/8084/medium.jpg, https://storage.yaschools.com/source/school/gallery/18/8085/medium.jpg, https://storage.yaschools.com/source/school/gallery/18/8086/medium.jpg, https://storage.yaschools.com/source/school/gallery/18/8087/medium.jpg, https://storage.yaschools.com/source/school/gallery/18/8089/medium.jpg, https://storage.yaschools.com/source/school/gallery/18/8090/medium.jpg, https://storage.yaschools.com/source/school/gallery/18/8095/medium.jpg"
8,https://yaschools.com/مدارس/مدارس-العروبة-العالمية,مدارس العروبة العالمية,"Vision Statement
OIS is a leading, innovative, learning community that inspires creative, confident learners to grow to their best potential in a safe and positive environment.
Mission Statement
Our mission is to empower all students with the knowledge, skills, and attitude needed to succeed as responsible life-long learners equipped with essential 21st century skills.
School Beliefs
Each student is a valued individual with unique physical, social, emotional, and intellectual needs.
Student learning is the chief priority for the school.
A student's self-esteem is enhanced by positive relationships and mutual respect among and between students and staff.
A safe and physically comfortable environment promotes student learning.
Students learn best when they are actively engaged in the learning process.
Curriculum and instructional practices should incorporate a variety of learning activities to accommodate differences in learning styles.
Technology is a critical learning tool essential for future success in our global society.
Teachers, parents/guardians and community are partners in understanding andeducating every student.
School Wide Expectations
Academic Expectations:
Students will be able to:
Communicate effectively in writing and speaking for a variety of purposes.
Reason effectively, think critically and solve problems.
Utilize real-world digital and other technology effectively.
Social and Civic Expectations:
Students will be able to:
Demonstrate respect for self, others, and our environment.
Take responsibility for their behavior and education.
Accept the consequences of their actions.
Abide by school rules, societal boundaries and the regulations of Saudi Arabia Ministry of Education.
Attend school regularly and participate in their education.
Develop an awareness of diverse cultures, societies and ways of life.
مواعيد التواصل مع المشرفين
الفترة الصباحية
7:30
الفترة المسائية
1:00
مرافق المدرسة
بيانات المدرسة تحتاج لتصحيح ؟ شارك بتصحيح اي بيانات غير دقيقة",عالمية,أمريكي-بريطاني,جميع المراحل,بنين و بنات,"0557960938, 0556591062, 0114004881, 0114003269, 0114003945",الرياض حي الرفيعة,"https://www.google.com/maps/place?key=AIzaSyDWoh30Gy_zquerP-UNMqoCjXMwNbaAzac&q=24.642768146651,46.657891107104",info@alorubaschools.com,https://alorubaschools.com/,7:30 ص - 1:00 م,https://www.facebook.com/alorubaSCksa,https://www.youtube.com/user/alorubaschoolsksa/videos,https://www.instagram.com/alorubaschksa/,,3.3,14,"https://storage.yaschools.com/source/school/gallery/29/10011/medium.jpg, https://storage.yaschools.com/source/school/gallery/29/10012/medium.jpg, https://storage.yaschools.com/source/school/gallery/29/10013/medium.jpg, https://storage.yaschools.com/source/school/gallery/29/10014/medium.jpg, https://storage.yaschools.com/source/school/gallery/29/10015/medium.jpg, https://storage.yaschools.com/source/school/gallery/29/10016/medium.jpg, https://storage.yaschools.com/source/school/gallery/29/10017/medium.jpg"
9,https://yaschools.com/مدارس/مدارس-العلم-العالمية,مدارس العلم العالمية,"عملت مدرسة العلم العالمية على توفير بيئة تعليمية صحية في إطار منهج أمريكي معتمد، يركز على تحسين نوعية التعليم لتلبية الحاجة الملحة لطلابنا من خلال القيادة الملتزمة، والكادر المؤهل، والاستخدام الأمثل للتكنولوجيا، بالإضافة الى تنظيم الرحلات الميدانية التعليمية والترفيهية.
لمدرسة العلم العالمية رؤية جلية وهي تطوير فكر الشباب ليكن قادرا على حل المشاكل على الصعيد العالمي، وأن تصبحوا قادة للمستقبل.

تقع مدرسة العلم العالمية بمدينة الرياض حى الورود
Education International school is dedicated to continuously provide a challenging educational environment within the framework of American program of studies, and to improve the quality of education to meet the demanding need of our students through the committed leadership, qualified staff members, up-to-date technology, indoor/outdoor activities, and organized field trips-educational and recreational.

- الرؤيا -
To Develop Internationally Minded Young People With Challenging, Active, And Creative Minds That Are Able To Solve Problems Globally And To Become Leaders For The Next Century.
- الرسالة -
Education International School Is Dedicated To Continuously Provide A Challenging Educational Environment Within The Framework Of American Program Of Studies, And To Improve The Quality Of Education To Meet The Demanding Need Of Our Students Through The Committed Leadership, Qualified Staff Members, Up-To-Date Technology, Indoor/Outdoor Activities, And Organized Field Trips-Educational And Recreational.
مواعيد التواصل مع المشرفين
الفترة الصباحية
7 : 3
الفترة المسائية
-
مرافق المدرسة
بيانات المدرسة تحتاج لتصحيح ؟ شارك بتصحيح اي بيانات غير دقيقة",عالمية,أمريكي,جميع المراحل,بنين و بنات,"0596407957, 0596406834",الرياض حي الورود,"https://www.google.com/maps/place?key=AIzaSyDWoh30Gy_zquerP-UNMqoCjXMwNbaAzac&q=24.720053346251,46.681426079762",information@education-school.edu.sa,https://www.ataa.sa/single_school/547,7 : 3 ص - - م,https://www.facebook.com/meisschsa?mibextid=LQQJ4d,https://www.youtube.com/@meiswurud2578/featured,https://instagram.com/meisschoolsa?igshid=YmMyMTA2M2Y=,,3.6,13,
10,https://yaschools.com/مدارس/مدارس-الشرق-الأوسط-العالمية,مدارس الشرق الأوسط العالمية - اشبيليا,"قامت الشركة بتطوير مجمع مدارس الشرق الأوسط العالمية الذي تم افتتاحه في عام 2018م. يقع المجمع على أرض مملوكة للشركة في حي إشبيليا بمدينة الرياض على طريق عبد الله بن قيس تقاطع طريق البحر الميت على مساحة إجمالية تبلغ 9,240 مترًا مربعًا ويحتوي على 108 فصلًا دراسيًا بطاقة استيعابية تبلغ 2,700 طالبًا وطالبة.
يقدم المجمع خدمات التعليم الأجنبي وفق المنهج الأمريكي من مرحلة رياض الأطفال (KG) وحتى المستوى الثامن (Grade 8) لقسميّ البنين والبنات. وكما في 2019م، بلغ عدد الطلاب والطالبات المسجلين للعام الدراسي 1439هـ/1440هـ (الموافق 2018م/2019م) 256 طالبًا وطالبة يتلقون تعليمهم من 68 معلمًا ومعلمة من ذوي الخبرة والكفاءة وبمساعدة كادر إداري يتكون من 12 إداريًا وإدارية.
مواعيد التواصل مع المشرفين
الفترة الصباحية
7:00
الفترة المسائية
2:00
إسم المشرف التخصص رقم الجوال البريد الإلكتروني التحويلة
Emir Muric جميع المراحل 0538383558
Samar Alrashid جميع المراحل 0509795788
مرافق المدرسة
بيانات المدرسة تحتاج لتصحيح ؟ شارك بتصحيح اي بيانات غير دقيقة",عالمية,أمريكي,جميع المراحل,بنين و بنات,"0531404726, 0552007184, 0114007886, 0920000451, 0503588375",الرياض حي إشبيليا,"https://www.google.com/maps/place?key=AIzaSyDWoh30Gy_zquerP-UNMqoCjXMwNbaAzac&q=24.794711351997,46.796330004887",parents.reis@alrowad.net,https://ataa.sa/posts/post/132,7:00 ص - 2:00 م,https://www.facebook.com/MEISIshbilia,https://www.youtube.com/channel/UCwGPt5Bv208cjeoaFJwJcSQ,https://instagram.com/meisishbilia?igshid=YmMyMTA2M2Y=,,3.7,7,"https://storage.yaschools.com/source/school/gallery/1731/5230/medium.jpg, https://storage.yaschools.com/source/school/gallery/1731/9655/medium.jpg, https://storage.yaschools.com/source/school/gallery/1731/9656/medium.jpg, https://storage.yaschools.com/source/school/gallery/1731/9657/medium.jpg, https://storage.yaschools.com/source/school/gallery/1731/9658/medium.jpg"
11,https://yaschools.com/مدارس/مدرسة-قمم-الحياة-العالمية,مدارس قمم الحياة العالمية,"مدارس قمم الحياة من أقدم المدارس العالمية في وسط الرياض ، ولديها مجموعة من ذوى الخبرات والكفاءات من إدارة ومدرسين ومدرسات ومشرفين ومشرفات .
تمتلك مدارس قمم الحياة رؤية واضحة وهدفا محددا ألا وهو ( تخريج جيل قادر على القيادة ) ، ولتنفيذ والوصول إلى الهدف والرؤية كان لزاما على الادارة تعزيز واستخدام قيم اضافية وعوامل مساعدة لتتحرك بخطى واضحة وثابتة لتحقيق الهدف .
سعت المدرسة لتوفير بيئة ومناخ تعليمي متميز للطلاب ووفرت لهم كل الوسائل التعليمية الحديثة التى تساعد المدرس والطالب على التلقى والتعلم والابداع إلى جانب الملاعب والساحات الرياضية والترفيهية .
تهتم مدارس قمم الحياة العالمية بالجودة التعليمية لا بالكم التعليمي واستخدام اليات لتطوير المناهج وفق الرؤية والسياسة المدروسة ونقلا عن تجارب الغرب الناجحة في كل الدنيا .
أضافت المدارس إلى جانب المناهج المتطورة برامج مختلفة لتنمية مهارات وقدرات الطلاب مثل برامج الحساب الذهنى والمخاطبة والحوار والإلقاء والأنشطة اللاصفية والاهتمام بالصحة البدنية من خلال أكاديميات رياضية .
كما أن المدارس تسعى لنفى الصورة السلبية عن المدارس العالمية أنها لا تهتم باللغة العربية ولا بالقران ، وذلك من خلال تعزيز الاهتمام باللغة وبرامج تحفيظ القران من خلال المنهج وأيضا حصص اضافية بعد انتهاء اليوم الدراسي .
قامت المدارس بفتح كل قنوات التواصل لتيسير وصول ولى الامر وسرعة تقديم الخدمة في أسرع وقت من خلال الموقع الالكتروني وصفحات التواصل الاجتماعى وبرنامج class dojo والايميلات الرسمية وشئون الطلاب .
مواعيد التواصل مع المشرفين
الفترة الصباحية
7:00 ص الى 1:00 م
الفترة المسائية
من 7 م الى 9 م
إسم المشرف التخصص رقم الجوال البريد الإلكتروني التحويلة
Sherif Ghanem جميع المراحل 0550889336 sherif.ghanim@qimamelhayat.com
مرافق المدرسة
بيانات المدرسة تحتاج لتصحيح ؟ شارك بتصحيح اي بيانات غير دقيقة",عالمية,أمريكي,جميع المراحل,بنين و بنات,"0550889336, 0550885270, 0114091393, 0114030281",الرياض حي الفوطة,"https://www.google.com/maps/place?key=AIzaSyDWoh30Gy_zquerP-UNMqoCjXMwNbaAzac&q=24.6418214,46.7056167",info@qimamelhayat.com,http://qimamelhayat.com/school/,7:00 ص الى 1:00 م ص - من 7 م الى 9 م م,https://www.facebook.com/qhisschool/,https://www.youtube.com/channel/UC5AOV5ZkIUwhxv900xJoJ0w/featured,https://www.instagram.com/qhisschool/,,4,23,"https://storage.yaschools.com/source/school/gallery/163/900/medium.jpg, https://storage.yaschools.com/source/school/gallery/163/901/medium.jpg, https://storage.yaschools.com/source/school/gallery/163/903/medium.jpg, https://storage.yaschools.com/source/school/gallery/163/904/medium.jpg, https://storage.yaschools.com/source/school/gallery/163/1208/medium.jpg, https://storage.yaschools.com/source/school/gallery/163/1210/medium.jpg, https://storage.yaschools.com/source/school/gallery/163/1211/medium.jpg, https://storage.yaschools.com/source/school/gallery/163/1212/medium.jpg, https://storage.yaschools.com/source/school/gallery/163/1213/medium.jpg, https://storage.yaschools.com/source/school/gallery/163/1214/medium.jpg, https://storage.yaschools.com/source/school/gallery/163/1216/medium.jpg, https://storage.yaschools.com/source/school/gallery/163/3749/medium.jpg, https://storage.yaschools.com/source/school/gallery/163/3750/medium.jpg, https://storage.yaschools.com/source/school/gallery/163/3752/medium.jpg, https://storage.yaschools.com/source/school/gallery/163/3753/medium.jpg, https://storage.yaschools.com/source/school/gallery/163/3756/medium.jpg, https://storage.yaschools.com/source/school/gallery/163/4653/medium.jpg, https://storage.yaschools.com/source/school/gallery/163/4654/medium.jpg, https://storage.yaschools.com/source/school/gallery/163/4655/medium.jpg, https://storage.yaschools.com/source/school/gallery/163/4656/medium.jpg, https://storage.yaschools.com/source/school/gallery/163/4657/medium.jpg"
12,https://yaschools.com/مدارس/مدرسة-البحر-الأحمر-العالمية,مدرسة البحر الأحمر العالمية,"مدرسة البحر الأحمر العالمية، نحن نسعى لتحقيق رؤية بلدنا الحبيب المملكة لعام 2030 لتعزيز التعليم. ونحن عازمون على المضي قدما لتحقيق الجودة والتميز لدينا المعلمين والتلاميذ لتوفير بيئة جاذبة وتحفيز للعمل. ان شاء الله، بالتعاون مع مديرية التربية والتعليم في جدة ، ونحن نقدم جميع التسهيلات لجعل طلابنا قادرون على المشاركة في جميع المسابقات التعليمية الدولية.
الرسالة
• ترسيخ الأخلاق الإسلامية وتنميتها بين التلاميذ.
• احترام سياسات وقوانين المملكة العربية السعودية.
• نشر ثقافة الحوار الإسلامي بين جميع التلاميذ.
• إثراء القيم الإسلامية في المدرسة للحصول على أفضل مستوى من التعليم والتعلم.
• نشر التعلم الاستراتيجي وبناء شخصية إيجابية للطالب.
• إنشاء أنشطة مبتكرة ومتعددة الأبعاد لربط المدرسة بالعالم الخارجي.
مواعيد التواصل مع المشرفين
الفترة الصباحية
الفترة الصباحية : 7:30 ص حتي 1:00 م",عالمية,بريطاني,حضانة - روضة - ابتدائى - متوسط,بنين و بنات,"0547749006, 0126734072",جدة حي الرحاب,"https://www.google.com/maps/place?key=AIzaSyDWoh30Gy_zquerP-UNMqoCjXMwNbaAzac&q=21.55011918804678,39.22235178984374",..,http://bais.edu.sa/ar/,,https://www.facebook.com/redseainternationalschool/,https://www.youtube.com/watch?v=_IJ1oM7PLXA,,,4.7,4,"https://storage.yaschools.com/source/school/gallery/429/707/medium.jpg, https://storage.yaschools.com/source/school/gallery/429/708/medium.jpg, https://storage.yaschools.com/source/school/gallery/429/712/medium.jpg, https://storage.yaschools.com/source/school/gallery/429/713/medium.jpg, https://storage.yaschools.com/source/school/gallery/429/714/medium.jpg, https://storage.yaschools.com/source/school/gallery/429/715/medium.jpg, https://storage.yaschools.com/source/school/gallery/429/716/medium.jpg, https://storage.yaschools.com/source/school/gallery/429/717/medium.jpg, https://storage.yaschools.com/source/school/gallery/429/718/medium.jpg, https://storage.yaschools.com/source/school/gallery/429/721/medium.jpg, https://storage.yaschools.com/source/school/gallery/429/722/medium.jpg, https://storage.yaschools.com/source/school/gallery/429/723/medium.jpg, https://storage.yaschools.com/source/school/gallery/429/724/medium.jpg, https://storage.yaschools.com/source/school/gallery/429/726/medium.jpg, https://storage.yaschools.com/source/school/gallery/429/728/medium.jpg, https://storage.yaschools.com/source/school/gallery/429/729/medium.jpg, https://storage.yaschools.com/source/school/gallery/429/730/medium.jpg, https://storage.yaschools.com/source/school/gallery/429/731/medium.jpg, https://storage.yaschools.com/source/school/gallery/429/732/medium.jpg, https://storage.yaschools.com/source/school/gallery/429/733/medium.jpg, https://storage.yaschools.com/source/school/gallery/429/736/medium.jpg"
13,https://yaschools.com/مدارس/مدارس-الجودة-الأهلية,مدارس الجودة الأهلية,"-الرؤية : - تقديم تعليم وتعلم عالى الجودة وفق المعايير العالمية، وتفعيل التكنولوجيا الحديثة، لإعداد متعلم متكامل الشخصية قادر على مواصلة التعلم مدى الحياة، يحقق أهداف المجتمع والوطن والأمة.
-الرسالة :- تسعى مدارس الجودة الأهلية لتكون منارة ورائدة فى جودة الخدمات التعليمية، وذلك من خلال:
1-إعداد وتأهيل القيادات التربوية القادرة على التخطيط وتحقيق الأهداف.
2-توفير الموارد المادية والبشرية وتنميتها.
3-تفعيل الشراكة المجتمعية.
4-تحليل وتقديم المحتوى التعليمى بنظام خرائط المنهج وبطريقة تفاعلية متميزة.
5-اختيار وتأهيل المعلمين ومنسوبى المدارس وفق معايير الجودة الشاملة.
6-التميز فى الأنشطة الصفية واللاصفية على كافة المستويات.
7-توفير مناخ وبيئة تعليمية داعمة لعمليتى التعليم والتعلم.
8-وجود نظام لضمان الجودة والتميز فى الأداء وفق المعايير العالمية للجودة الشاملة.
برامجنا :
تعد مدارس الجودة مدرسة إلكترونية حيث يوجد في جميع فصولها سبورات إلكترونية وبروجيكتورات وحواسب آلية وانترنت .
مناهجنا :
تطبق في مدارس الجودة المناهج الدراسية المقررة من وزارة التربية والتعليم بالإضافة إلي مقررات دراسية إضافية تلبي حاجة الطلاب وتتمشي مع متطلبات العصر وهي:
1- اللغة الإنجليزية مناهج كامبردج
2-الحاسب الآلي من البداية إلى الاحتراف
3-الروبوت والروبوتكس
4-برامج موهبة
مواعيد التواصل مع المشرفين
الفترة الصباحية
الفترة الصباحية : 7:30 ص حتي 1:00 م
إسم المشرف التخصص رقم الجوال البريد الإلكتروني التحويلة
قسم بنين جميع المراحل 0555123793
قسم بنين جميع المراحل 505298852
قسم بنات جميع المراحل 0552591539
قسم بنات جميع المراحل 0536698352",أهلية,أهلي,جميع المراحل,بنين و بنات,"0500908842, 0552229006, 0112636306, 0112636306",الرياض حي المغرزات,"https://www.google.com/maps/place?key=AIzaSyDWoh30Gy_zquerP-UNMqoCjXMwNbaAzac&q=24.7655737,46.7233733",gawaher@aces.edu.sa,https://aljawdah.edu.sa/Portal/,,https://www.facebook.com/alJawdahEdu,https://www.youtube.com/user/alJawdahEdu,https://www.instagram.com/aljawdah_schools/,,3.8,17,"https://storage.yaschools.com/source/school/gallery/49/6291/medium.jpg, https://storage.yaschools.com/source/school/gallery/49/6292/medium.jpg, https://storage.yaschools.com/source/school/gallery/49/6293/medium.jpg, https://storage.yaschools.com/source/school/gallery/49/6294/medium.jpg, https://storage.yaschools.com/source/school/gallery/49/6295/medium.jpg"
14,https://yaschools.com/مدارس/مدارس-الرمال-العالمية,مدارس الرمال العالمية,"تقع مدرسة الرمال العالمية بشارع بكر بن النطاح بحي السليمانية بمدينة الرياض، المملكة العربية السعودية. تأسست المدرسة عام 2004 ،تُدرس لطلابها بالمراحل التعليمية الروضة والإبتدائية و المتوسطة و الثانوية , المنهج التعليمي للمدرسة يقوم على المنهج الأمريكى بالإضافة إلى المنهج الموضوع من قبل وزارة التعليم السعودية لمادتي اللغة العربية والتربية الإسلامية. وهي تحت إشراف وزارة التربية و التعليم و معتمدة من قبل
AdvancED & AIAA
رؤية مدارس الرمال العالمية
تمكين الطلاب من تحقيق امكاناتهم من خلال منهج متكامل و بيئة تعليمية مناسبة

رسالة مدرسة الرمال العالمية
تقديم بيئة تعليمية مناسبة تمكن الطلاب من الوصول إلى أفضل مستوى من التعليم

مواعيد التواصل مع المشرفين
الفترة الصباحية
من 7:00 صباحاً وحتى 1:00 ظهراً
إسم المشرف التخصص رقم الجوال البريد الإلكتروني التحويلة
عدنان الشطناوي إبتدائية و متوسطة 0594244747 management@sis.sch.sa
حامد الحافظ جميع المراحل 0593777654 management@sis.sch.sa
وكيلة شؤون الطلاب جميع المراحل 0593777561 management@sis.sch.sa
وكيلة الشؤون التعليمية جميع المراحل 0593777655 management@sis.sch.sa
مرافق المدرسة
بيانات المدرسة تحتاج لتصحيح ؟ شارك بتصحيح اي بيانات غير دقيقة",عالمية,أمريكي,جميع المراحل,بنين و بنات,"0593777651, 0114650039, 0114645582, 0114656899",الرياض حي السليمانية,"https://www.google.com/maps/place?key=AIzaSyDWoh30Gy_zquerP-UNMqoCjXMwNbaAzac&q=24.6979603,46.69585749999999",sands.school@gmail.com,http://www.sis.sch.sa/,من 7:00 صباحاً وحتى 1:00 ظهراً ص,https://www.facebook.com/MOE.SA.RIY.SIS,https://www.youtube.com/channel/UCuF5h5esyPht58E5HIH4Jng/,https://www.instagram.com/moe_riy_sis/,,4.2,8,"https://storage.yaschools.com/source/school/gallery/109/599/medium.jpg, https://storage.yaschools.com/source/school/gallery/109/600/medium.jpg, https://storage.yaschools.com/source/school/gallery/109/601/medium.jpg, https://storage.yaschools.com/source/school/gallery/109/602/medium.jpg, https://storage.yaschools.com/source/school/gallery/109/603/medium.jpg, https://storage.yaschools.com/source/school/gallery/109/604/medium.jpg, https://storage.yaschools.com/source/school/gallery/109/605/medium.jpg, https://storage.yaschools.com/source/school/gallery/109/606/medium.jpg, https://storage.yaschools.com/source/school/gallery/109/4791/medium.jpg, https://storage.yaschools.com/source/school/gallery/109/4792/medium.jpg, https://storage.yaschools.com/source/school/gallery/109/4793/medium.jpg, https://storage.yaschools.com/source/school/gallery/109/4794/medium.jpg, https://storage.yaschools.com/source/school/gallery/109/4795/medium.jpg, https://storage.yaschools.com/source/school/gallery/109/4796/medium.jpg, https://storage.yaschools.com/source/school/gallery/109/4797/medium.jpg, https://storage.yaschools.com/source/school/gallery/109/4798/medium.jpg, https://storage.yaschools.com/source/school/gallery/109/4799/medium.jpg, https://storage.yaschools.com/source/school/gallery/109/4800/medium.jpg, https://storage.yaschools.com/source/school/gallery/109/4801/medium.jpg, https://storage.yaschools.com/source/school/gallery/109/4802/medium.jpg, https://storage.yaschools.com/source/school/gallery/109/4803/medium.jpg"
15,https://yaschools.com/مدارس/مدارس-كواكب-الأطفال,مدارس الكواكب العالمية,"تهتم مدرسة كواكب الأطفال العالمية منذ تأسيسها بمواكبة طرق التعلم الحديثة
وتركز مناهجنا على تحقيق التوازن بين مختلف العلوم وغرس القيم الاسلامية والاخلاق الفاضلة والاهتمام باللغة العربية والقرآن الكريم بالموازاة مع التميز بالاهتمام باللغة الانكليزية واكساب الطفل مختلف المهارات الحياتية.
مواعيد التواصل مع المشرفين
الفترة الصباحية
من 7 ص إلى 2 م
الفترة المسائية
لا يوجد فترة مسائية
إسم المشرف التخصص رقم الجوال البريد الإلكتروني التحويلة
د. نانيس مجدي عبد الواحد جميع المراحل 0564843325 nanees_magdy@yahoo.com
مرافق المدرسة
بيانات المدرسة تحتاج لتصحيح ؟ شارك بتصحيح اي بيانات غير دقيقة",عالمية,أمريكي,حضانة و إبتدائية,بنين و بنات,"0505599321, 0540400369",الرياض حي المغرزات,"https://www.google.com/maps/place?key=AIzaSyDWoh30Gy_zquerP-UNMqoCjXMwNbaAzac&q=24.754570450439,46.724205071442",kidsplanets.schl@gmail.com,http://www.kidsplanets.net/,من 7 ص إلى 2 م ص - لا يوجد فترة مسائية م,https://www.facebook.com/Kidsplanetssch,https://www.youtube.com/channel/UC-v9YMRu90wzYHlQJZt58KA,https://www.instagram.com/kidsplanetssch,,4.2,15,"https://storage.yaschools.com/source/school/gallery/431/493/medium.jpg, https://storage.yaschools.com/source/school/gallery/431/495/medium.jpg, https://storage.yaschools.com/source/school/gallery/431/496/medium.jpg, https://storage.yaschools.com/source/school/gallery/431/497/medium.jpg, https://storage.yaschools.com/source/school/gallery/431/498/medium.jpg, https://storage.yaschools.com/source/school/gallery/431/499/medium.jpg, https://storage.yaschools.com/source/school/gallery/431/500/medium.jpg, https://storage.yaschools.com/source/school/gallery/431/501/medium.jpg"
16,https://yaschools.com/مدارس/مدارس-جيل-الريادة-الأهلية,مدارس جيل الريادة الأهلية,"تأسست مدارس جيل الريادة وبدأت مسيرتها التعليمية عام 1423 هجري، بإعتماد من وزارة التعليم بخبرة تجاوزت الـ ٢٠ عاماً من النجاحات، بهدف واضح وشعار ثابت [ الريادة هدفنا ] لبناء جيل رائد ثقافياً وتعليمياً وفكرياً وأخلاقياً، بمهارات متعددة وإدراك واسع
مستقبل وطنه ، متميز في مهاراته ، متمسك بقيمة ، يواكب سمات العصر ، قادر على المنافسة .
الرسالة : نحو بيئة تربوية فعاله تصنع أجيالاً تخدم دينها ووطنها ، مبدعه في طرحها ، متجدده في فكرها ، ترعاها كوادر تستخدم كل ما هو جديد للرقي بالعملية التربوية والتعليمية .
نسـعى إلى تـطوير بيئة تعلم جاذبة بمعلمين أكفاء .. يوظفون تقنية الاتصال الحديثة واستراتيجيات التعلم المتنوعة ليمارس خلالها الـطالب أنشطـة ممتعـة تعـزز القيم الأصيلة وتحـترم التـنـوع الثقافي لـبـنـاء شخـصـيته المتـكاملة بمـشاركة مجـتـمـعـيـة وفـق مـؤشـرات الـجـودة العالمية .
مواعيد التواصل مع المشرفين
الفترة الصباحية
8:00 صباحاً - 1:00 مساءً
الفترة المسائية
5:00 مساءً - 9:00 مساءً
مرافق المدرسة
بيانات المدرسة تحتاج لتصحيح ؟ شارك بتصحيح اي بيانات غير دقيقة",أهلية,أهلي,جميع المراحل,بنين,"0557062222, 0537744482",الرياض حي الحزم,"https://www.google.com/maps/place?key=AIzaSyDWoh30Gy_zquerP-UNMqoCjXMwNbaAzac&q=24.545824594417,46.655332669616",support@jeelalriyada.org,https://www.jeelalriyada.org/,8:00 صباحاً - 1:00 مساءً ص - 5:00 مساءً - 9:00 مساءً م,https://www.facebook.com/jeelalriyada/,https://www.youtube.com/channel/UC14gJwMUlwHnViTcgXM6qmA,https://www.instagram.com/jeelalriyada/,,3.6,5,https://storage.yaschools.com/source/school/gallery/172/8687/medium.jpg
17,https://yaschools.com/مدارس/مدارس-أجيال-الحضارة-الاهلية,مدارس أجيال الحضارة,"تقع مدارس اجيال الحضارة بشارع شارع عبد الله البارق بحى المونسية بمدينة الرياض، المملكة العربية السعودية. تأسست المدرسة عام 2013 ،تُدرس لطلابها بالمراحل التعليمية ابتدائى- متوسط - ثانوى المنهج التعليمي للمدرسة يقوم على المنهج أهلية - لا منهجية محدودة بالإضافة الى المنهج الموضوع من قبل وزارة التعليم السعودية لمادتي اللغة العربية والتربية الإسلامية.
هي مــدارس عصريــة ذات بيئــة جاذبــة أصبحــت ذائعــة الصيــت بالرغــم مــن مــن النشء ٍحداثــة نشــأتها ، حاصلــة علــى شــهادة الآيــزو وتســعي لتخريــج جيــل متمكنــاً مــن أســباب العلــم والمعرفــة العصريــة وتعــد هــذه المــدارس مصــدر اعتــزاز وفخــر للشــركة بمــا تقدمــه مــن مخرجــات ومــا تحققــه مــن مراكــز متقدمــة فــي مختلــف المســابقات والملتقيــات .
مدارس أهلية رائده عالمياً تقدم تعلماً عصريا مميزاً وفقاً للقيم الإسلامية في بيئة تربوية جاذبة
الرؤية
ان تأخذ مدارس اجيال الحضارة مكان الريادة على المستوى المحلي والوطني تربويا وعلميا
الرسالة
رفد المجتمع السعودي بكادر مؤهل من ابنائه المؤمن الذي يقوده الى التقدم والصدارة
مواعيد التواصل مع المشرفين
الفترة الصباحية
الفترة الصباحية : 7:30 ص حتي 1:00 م
إسم المشرف التخصص رقم الجوال البريد الإلكتروني التحويلة
قسم بنين جميع المراحل 0567449984
مرافق المدرسة
بيانات المدرسة تحتاج لتصحيح ؟ شارك بتصحيح اي بيانات غير دقيقة",أهلية,الدبلومة الامريكية-المسار المصرى,جميع المراحل,بنين و بنات,"0567449984, 0920003038",الرياض حي المونسية,"https://www.google.com/maps/place?key=AIzaSyDWoh30Gy_zquerP-UNMqoCjXMwNbaAzac&q=24.8231813,46.7680103",info@ajialalhadara.com,https://ajialalhadara.edu.sa/,,https://www.facebook.com/AjialAlhadaraSA/,https://www.youtube.com/channel/UCd2_rrinSn_Byszx5IYBMig,https://www.instagram.com/ajialhadara/,,5,1,"https://storage.yaschools.com/source/school/gallery/284/761/medium.jpg, https://storage.yaschools.com/source/school/gallery/284/762/medium.jpg, https://storage.yaschools.com/source/school/gallery/284/763/medium.jpg, https://storage.yaschools.com/source/school/gallery/284/764/medium.jpg, https://storage.yaschools.com/source/school/gallery/284/765/medium.jpg, https://storage.yaschools.com/source/school/gallery/284/766/medium.jpg, https://storage.yaschools.com/source/school/gallery/284/6947/medium.jpg, https://storage.yaschools.com/source/school/gallery/284/6948/medium.jpg, https://storage.yaschools.com/source/school/gallery/284/6949/medium.jpg, https://storage.yaschools.com/source/school/gallery/284/6950/medium.jpg, https://storage.yaschools.com/source/school/gallery/284/6951/medium.jpg, https://storage.yaschools.com/source/school/gallery/284/6952/medium.jpg, https://storage.yaschools.com/source/school/gallery/284/6953/medium.jpg, https://storage.yaschools.com/source/school/gallery/284/6954/medium.jpg, https://storage.yaschools.com/source/school/gallery/284/6955/medium.jpg"
18,https://yaschools.com/مدارس/مدارس-الرواد-الأهلية-فرع-الروابى,مدارس الرواد الأهليه - مجمع الروابي,"يعود تاريخ افتتاح مجمع مدارس الرواد الأهلية فرع الروابي الي عام1985 م باسم مدارس بدر الاهلية وذلك قبل أن يتم الاستحواذ عليها من قبل شركة عطاء في عام 2008 م. ويتم تعديل اسمها إلى مدارس الرواد الأهلية فرع الروابي، يقع المجمع علي أرض مملوكة للشركة في حي الروابي بمدينة الرياض على طريق الربيع الحارثي المتفرع من شارع الإمام الشافعي ، يقدم المجمع خدمات التعليم الأهلية لجميع مراحل التعلم العام بدء من مرحلة رياض الأطفال وانتهاء بالمرحلة الثانوية لقسمي البنين والبنات وفق المنهج الوطني السعودي بمساريه المسار المطور مسار تحفيظ القرآن الكريم في مبنى مستقل في قسم البنين وآخر في قسم البنات. كما يتوفر في المجمع حضانة مجهزة بالكامل
رسالتنا
عمل مدارس الرواد على إعداد جيل من الشباب المسلم ، بتربيته التربية الإسلامية ، وتنشئته النشأة الصالحة ، وتعليمة العلوم النافعة، ليكون قوي الإيمان ، صحيح العقيدة والمنهج ، حسن الخلق والسلوك ، قوي الجسم ، سليم البنية ، متوازن الشخصية ، مهتدياً بهدي الإسلام، حاملاً له رسالة خير للعالمين ، واسع الثقافة نافعاً لمجتمعه ، معتزاً بدينه ولغته العربية ، وتاريخ أمته وحضارتها ،وخصوصية بلاده في خدمة الحرمين الشرفين مقبلاً على الحياة بوعي وجد ونشاط ومسئولية
رؤيتنا
ان تصبح مدارس الرواد الاختيار الأول للتعليم الأهلي في المملكة العربية السعودية .
مواعيد التواصل مع المشرفين
الفترة الصباحية
7:00
الفترة المسائية
2:00
إسم المشرف التخصص رقم الجوال البريد الإلكتروني التحويلة
خالد بن عبدالله الغنام جميع المراحل 0505947334 k.alghanam@alrowad.net 3010
الادارة العامة جميع المراحل 0556080306
الايرادات والتسجيل جميع المراحل 0555461358
الحركة والنقل جميع المراحل 0506641305
مرافق المدرسة
بيانات المدرسة تحتاج لتصحيح ؟ شارك بتصحيح اي بيانات غير دقيقة",أهلية,أهلي-الدبلومة الامريكية,جميع المراحل,بنين و بنات,"0556080306, 0555461358, 0114964000",الرياض حي الروابى,"https://www.google.com/maps/place?key=AIzaSyDWoh30Gy_zquerP-UNMqoCjXMwNbaAzac&q=24.6974697,46.8018291",k.alghanam@alrowad.net,https://alrowad.sa/,7:00 ص - 2:00 م,https://www.facebook.com/profile.php?id=100064026360951,https://www.youtube.com/user/rowad2010,https://www.instagram.com/p/CamHHRGIcz-/?utm_medium=copy_link,,2.8,6,"https://storage.yaschools.com/source/school/gallery/193/2165/medium.jpg, https://storage.yaschools.com/source/school/gallery/193/2166/medium.jpg, https://storage.yaschools.com/source/school/gallery/193/5451/medium.jpg, https://storage.yaschools.com/source/school/gallery/193/5453/medium.jpg, https://storage.yaschools.com/source/school/gallery/193/5454/medium.jpg, https://storage.yaschools.com/source/school/gallery/193/5455/medium.jpg, https://storage.yaschools.com/source/school/gallery/193/5456/medium.jpg, https://storage.yaschools.com/source/school/gallery/193/5457/medium.jpg, https://storage.yaschools.com/source/school/gallery/193/5458/medium.jpg, https://storage.yaschools.com/source/school/gallery/193/5459/medium.jpg, https://storage.yaschools.com/source/school/gallery/193/5460/medium.jpg, https://storage.yaschools.com/source/school/gallery/193/5461/medium.jpg, https://storage.yaschools.com/source/school/gallery/193/5462/medium.jpg, https://storage.yaschools.com/source/school/gallery/193/5463/medium.jpg, https://storage.yaschools.com/source/school/gallery/193/5464/medium.jpg, https://storage.yaschools.com/source/school/gallery/193/5465/medium.jpg, https://storage.yaschools.com/source/school/gallery/193/5466/medium.jpg, https://storage.yaschools.com/source/school/gallery/193/5467/medium.jpg, https://storage.yaschools.com/source/school/gallery/193/5468/medium.jpg, https://storage.yaschools.com/source/school/gallery/193/5469/medium.jpg, https://storage.yaschools.com/source/school/gallery/193/5470/medium.jpg"
19,https://yaschools.com/مدارس/مدارس-جاد-العالمية,مدارس جاد العالمية (رواد النصر سابقا),"تتميز مدارس جاد العالمية برؤيتها العريقة وخبرتها الطويلة في تدريس المنهج الأمريكي بالإضافة لدروس اللغة العربية والفرنسية والاهتمام بحفظ القرآن.
تستقبل مدارس جاد العالمية الطلبة من أولاد وبنات لجميع المراحل الدراسية، وتحرص المدارس على تعليم طلابها وطالباتها اللغة الإنجليزية بأفضل الطرق والوسائل العلمية والتربوية الحديثة والمتطورة وتغرز في نفوسهم الهوية الإسلامية والعربية لتكون ركيزتهم إضافة للغة الفرنسية منذ المرحلة التمهيدية.
وتعتمد المدارس على أطر ذات كفاءة عالية تحت إدارة عريقة من بلاد الشام.
تجهيزات
تحتوي مدارس جاد العالمية على مباني نظيفة ومنظمة وصفوف مزودة بأحداث الأجهزة لتوفر لطلبة بيئة مناسبه و تعليم مواكب للأساليب الحديثة. كما أن عدد الطلبة لا يتعدى 20 طالب في الفصل.
الاعتماد الدولي
مدارس جاد العالمية معتمدة سكوت فورسمان
تقع مدرسة جاد العالمية بمدينة الرياض حى العليا
مواعيد التواصل مع المشرفين
الفترة الصباحية
الفترة الصباحية : 7:30 ص حتي 1:00 م",عالمية,أمريكي-فرنسي,حضانة و إبتدائية,بنين و بنات,"0538975379, 0559978422, 0114164118",الرياض حي الواحه,"https://www.google.com/maps/place?key=AIzaSyDWoh30Gy_zquerP-UNMqoCjXMwNbaAzac&q=24.74381178776,46.705063288411",admin@jad-is.com,https://www.jad-is.com/?fbclid=IwAR3B6mj5vrO8sEuQJyuSJvrwqKj5C73CObueF1dCZQFc95B9MLju3hQ40tM,,https://www.facebook.com/jad.intschools/,,https://www.instagram.com/vpi_schools/,,4.2,23,"https://storage.yaschools.com/source/school/gallery/386/187/medium.jpg, https://storage.yaschools.com/source/school/gallery/386/188/medium.jpg, https://storage.yaschools.com/source/school/gallery/386/189/medium.jpg, https://storage.yaschools.com/source/school/gallery/386/1581/medium.jpg, https://storage.yaschools.com/source/school/gallery/386/1582/medium.jpg, https://storage.yaschools.com/source/school/gallery/386/1583/medium.jpg, https://storage.yaschools.com/source/school/gallery/386/1792/medium.jpg, https://storage.yaschools.com/source/school/gallery/386/1793/medium.jpg, https://storage.yaschools.com/source/school/gallery/386/1794/medium.jpg, https://storage.yaschools.com/source/school/gallery/386/1795/medium.jpg, https://storage.yaschools.com/source/school/gallery/386/1796/medium.jpg, https://storage.yaschools.com/source/school/gallery/386/1797/medium.jpg"
20,https://yaschools.com/مدارس/mdars-alqlt-alhjazyt-alalmyt,مدارس القلعة الحجازية العالمية,"رؤيتنا :
بناء مواطن سعودي صالح يعتز بدينه ووطنه، ويتفاعل بإيجابية مع التطور العلمي والتكنولوجي. ويسهم مبدعاً في بناء مجتمع القيم والخلق الرفيع، وتحقيق الجودة في نظام التعليم والبحث العلمي. وأن تكون مؤسستنا التعليمية هي الخيارالأول لطالب التعليم النوعي.
رسالتنا :
نسعى إلى توفير التعليم للجميع وتحسين نوعيته، ومعاييره في جميع المستويات، من أجل تلبية احتياجات المتعلمين للتكيف مع متطلبات عصر الاتصالات وتكنولوجيا المعلومات، وتعميق فهمهم للدين الصحيح وتوسعة فكرهم في بيئة صحية ومتوازنة تؤهلهم للقيام بواجبهم في الدفاع عن دينهم ووطنهم وولاة أمرهم. والانفتاح على المجتمعات الإنسانية. وذلك بالتعاون مع الجهات الأخرى المعنية بأنظمة وزارة التعليم بالمملكة العربية السعودية.
أهدافنا :
1. خدمة أبناء مدينة المصطفى صلى الله عليه وسلم.
2. توظيف التقنية الحديثة وتكنولوجيا المعلومات التي تجعل من التعليم أكثر متعة ومرونة وفاعلية.
3. إنشاء هذا المجمع التعليمي ليكون نواة لفروع أُخرى في جميع أنحاء المملكة.
4. تصميم المدارس وفق مواصفات هندسية ذات بيئة جاذبة قادرة على توظيف المفاهيم الحديثة للتعلم الإلكتروني.
5. بناء مدارس ذكية بتقنياتها لخدمة طلابها، والانفتاح على المجتمع المحلي.
مواعيد التواصل مع المشرفين
الفترة الصباحية
الفترة الصباحية : 7:30 ص حتي 1:00 م
مرافق المدرسة
بيانات المدرسة تحتاج لتصحيح ؟ شارك بتصحيح اي بيانات غير دقيقة",عالمية,الدبلومة الامريكية,جميع المراحل,بنين,"0537181584, 0537181584",المدينة المنورة حي القبلتين,"https://www.google.com/maps/place?key=AIzaSyDWoh30Gy_zquerP-UNMqoCjXMwNbaAzac&q=24.4794556,39.5748329",maramalrefai@qhs.edu.sa,http://qhs.edu.sa/,,https://www.facebook.com/qhschool0,,https://www.instagram.com/qhschools0/,https://api.whatsapp.com/message/WPF5EHW7DQ6LG1,5,1,"https://storage.yaschools.com/source/school/gallery/1794/7510/medium.jpg, https://storage.yaschools.com/source/school/gallery/1794/7511/medium.jpg, https://storage.yaschools.com/source/school/gallery/1794/7512/medium.jpg, https://storage.yaschools.com/source/school/gallery/1794/7513/medium.jpg, https://storage.yaschools.com/source/school/gallery/1794/7514/medium.jpg, https://storage.yaschools.com/source/school/gallery/1794/7515/medium.jpg, https://storage.yaschools.com/source/school/gallery/1794/7516/medium.jpg, https://storage.yaschools.com/source/school/gallery/1794/7517/medium.jpg, https://storage.yaschools.com/source/school/gallery/1794/7518/medium.jpg, https://storage.yaschools.com/source/school/gallery/1794/7519/medium.jpg"
